name,hp,atk,def,spa,spd,spe,type1,hasEvo,cluster_kmeans,cluster_dbscan,pca1,pca2
bulbasaur,45,49,49,65,65,45,Grass,1,3,0,-1.5757911329867478,0.06069444985827048
ivysaur,60,62,63,80,80,60,Grass,1,4,0,-0.3832153745443245,0.16785757127567377
venusaur,80,82,83,100,100,80,Grass,0,4,0,1.2621580115398372,0.27909536758365794
charmander,39,52,43,60,50,65,Fire,1,3,0,-1.811578061146559,0.6914518326120696
charmeleon,58,64,58,80,65,80,Fire,1,0,0,-0.491244988767424,0.8309737306488982
charizard,78,84,78,109,85,100,Fire,0,0,0,1.2820942423793666,1.0453600046140492
squirtle,44,48,65,50,64,43,Water,1,3,0,-1.653011194851441,-0.4580652327031484
wartortle,59,63,80,65,80,58,Water,1,4,0,-0.402619350919193,-0.3807803422678507
blastoise,79,83,100,85,105,78,Water,0,4,0,1.3245630570106024,-0.30025982993831846
caterpie,45,30,35,20,20,45,Bug,1,3,0,-3.4024027220784605,0.13397893130842137
metapod,50,20,55,25,25,30,Bug,1,3,0,-3.2193114099999325,-0.570341911475161
butterfree,60,45,50,90,80,70,Bug,0,0,0,-0.549691783977951,0.8086466818701615
pikachu,35,55,40,50,50,90,Electric,1,3,0,-1.7557980503183135,1.2294720895157845
pikachuoriginal,35,55,40,50,50,90,Electric,0,3,0,-1.7557980503183135,1.2294720895157845
pikachuhoenn,35,55,40,50,50,90,Electric,0,3,0,-1.7557980503183135,1.2294720895157845
pikachusinnoh,35,55,40,50,50,90,Electric,0,3,0,-1.7557980503183135,1.2294720895157845
pikachuunova,35,55,40,50,50,90,Electric,0,3,0,-1.7557980503183135,1.2294720895157845
pikachukalos,35,55,40,50,50,90,Electric,0,3,0,-1.7557980503183135,1.2294720895157845
pikachualola,35,55,40,50,50,90,Electric,0,3,0,-1.7557980503183135,1.2294720895157845
pikachupartner,35,55,40,50,50,90,Electric,0,3,0,-1.7557980503183135,1.2294720895157845
pikachuworld,35,55,40,50,50,90,Electric,0,3,0,-1.7557980503183135,1.2294720895157845
raichu,60,90,55,90,80,110,Electric,0,0,0,0.5641307609420768,1.5626739309994737
raichualola,60,85,50,95,85,110,Electric,0,0,0,0.5819042736200744,1.696982158496027
sandshrew,50,75,85,20,30,40,Ground,1,3,0,-1.9367236466474942,-1.1221109103570859
sandshrewalola,50,75,90,10,35,40,Ice,1,3,0,-1.9341150120700756,-1.3642053463534725
sandslash,75,100,110,45,55,65,Ground,0,2,0,0.1199930859577077,-0.9830636649721056
sandslashalola,75,100,120,25,65,65,Ice,0,2,0,0.1252103551125449,-1.4672525369648786
nidoranf,55,47,52,40,40,41,Poison,1,3,0,-2.225275695664764,-0.24031685293174587
nidorina,70,62,67,55,55,56,Poison,1,3,0,-0.9912456561016428,-0.15688850570075782
nidoqueen,90,92,87,75,85,76,Poison,0,2,0,0.9620332942536799,-0.12899141588289303
nidoranm,46,57,40,40,40,50,Poison,1,3,0,-2.2734205091511153,0.2011401536692601
nidorino,61,72,57,55,55,65,Poison,1,3,0,-1.014196915578556,0.2458614079407042
nidoking,81,102,77,85,75,85,Poison,0,0,0,0.9176482633773088,0.4498024853345471
clefairy,70,45,48,60,65,35,Fairy,1,3,0,-1.4519740534155778,-0.2544811628130016
clefable,95,70,73,95,90,60,Fairy,0,4,0,0.746926951481434,-0.000824497808946964
vulpix,38,41,40,50,65,65,Fire,1,3,0,-1.9194661597645257,0.5687937030244081
vulpixalola,38,41,40,50,65,65,Ice,1,3,0,-1.9194661597645257,0.5687937030244081
ninetales,73,76,75,81,100,100,Fire,0,0,0,0.9030635569660327,0.7176160787157505
ninetalesalola,73,67,75,81,100,109,Ice,0,0,0,0.8635523723336842,0.9509404395043641
jigglypuff,115,45,20,45,25,20,Normal,1,3,-1,-2.1649187297372237,-0.08233120216943501
wigglytuff,140,70,45,85,50,45,Normal,0,1,0,0.10507441130569335,0.22863017264415658
zubat,40,45,35,30,40,55,Poison,1,3,0,-2.689286318267643,0.3399319091503517
golbat,75,80,70,65,75,90,Poison,1,0,0,0.19011710737963988,0.534598052689324
oddish,45,50,55,75,65,30,Grass,1,3,0,-1.4941767530912275,-0.2990227501024748
gloom,60,65,70,85,75,40,Grass,1,4,0,-0.46324097368050937,-0.36085340431852725
vileplume,75,80,85,110,90,50,Grass,0,4,0,0.8627802360135577,-0.28148721308442004
diglett,10,55,25,35,45,95,Ground,1,3,0,-2.5552492387870624,1.5458937704010431
diglettalola,10,55,30,35,45,90,Ground,1,3,0,-2.542458455924332,1.3304544623862278
dugtrio,35,100,50,50,70,120,Ground,0,0,0,-0.3521417373138838,1.526519319100518
dugtrioalola,35,100,60,50,70,110,Ground,0,0,0,-0.32656017158842277,1.095640703070887
meowth,40,45,35,40,40,90,Normal,1,3,0,-2.195750330849784,1.2852423580811132
meowthalola,40,35,35,50,40,90,Dark,1,3,0,-2.197853579137867,1.421757916233403
meowthgalar,50,65,55,40,40,40,Steel,1,3,0,-2.010927889094068,-0.3518141061494646
persian,65,70,60,65,65,115,Normal,0,0,0,-0.13903359824458172,1.4242896034660932
persianalola,65,60,60,75,65,115,Dark,0,0,0,-0.141136846532665,1.5608051616183831
psyduck,50,52,48,65,50,55,Water,1,3,0,-1.6170210739775763,0.3932424072407677
golduck,80,82,78,95,80,85,Water,0,0,0,0.8510390051486658,0.5600991017027438
growlithe,55,70,45,70,50,60,Fire,1,3,0,-1.2006871885860602,0.5781195320412116
arcanine,90,110,80,100,80,95,Fire,0,5,0,1.5979588393596305,0.7352451804824909
poliwag,40,50,40,40,40,90,Water,1,3,0,-2.0606226855362424,1.1775215564156452
poliwhirl,65,65,65,50,50,90,Water,1,3,0,-0.8578624582898713,0.6653547847608088
poliwrath,90,95,95,70,90,70,Water,0,2,0,1.0565789295720915,-0.5208195138081695
abra,25,20,15,105,55,90,Psychic,1,3,0,-1.8581441601255164,2.4090742617119494
kadabra,40,35,30,120,70,105,Psychic,1,0,0,-0.6241141205623957,2.4925026089429374
alakazam,55,50,45,135,95,120,Psychic,0,0,0,0.7735339626919931,2.5144963882170215
machop,70,80,50,35,35,35,Fighting,1,3,0,-1.768088989179842,-0.4720795858157743
machoke,80,100,70,50,60,45,Fighting,1,2,0,-0.3586278038278717,-0.6667494331185367
machamp,90,130,80,65,85,55,Fighting,0,2,0,1.0691531320568024,-0.6897899541567943
tentacool,40,40,35,50,100,70,Water,1,3,0,-1.34477396534377,0.567511136761551
tentacruel,80,70,65,80,120,100,Water,0,0,0,1.1059109522013963,0.776344897771278
ponyta,50,85,55,65,65,90,Fire,1,0,0,-0.4559160363679452,0.9240265020990832
ponytagalar,50,85,55,65,65,90,Psychic,1,0,0,-0.4559160363679452,0.9240265020990832
rapidash,65,100,70,80,80,105,Fire,0,0,0,0.778114003195176,1.0074548493300715
rapidashgalar,65,100,70,80,80,105,Psychic,0,0,0,0.778114003195176,1.0074548493300715
slowpoke,90,65,65,40,40,15,Water,1,3,0,-1.5509541014104316,-1.2165374546635732
slowpokegalar,90,65,65,40,40,15,Psychic,1,3,0,-1.5509541014104316,-1.2165374546635732
slowbro,95,75,110,100,80,30,Water,0,4,0,0.891466940435434,-1.3211489627564106
slowbrogalar,95,100,95,100,70,30,Poison,0,2,0,0.8996160431231152,-1.0241765439359654
magnemite,25,35,70,95,55,45,Electric,1,3,0,-1.5428123357357224,0.12911639736199226
magneton,50,60,95,120,70,70,Electric,1,4,0,0.3502863531782118,0.32959821070387624
farfetchd,52,90,55,58,62,60,Normal,0,3,0,-0.8042967163327923,0.13535625550863237
farfetchdgalar,52,95,55,58,62,55,Fighting,1,3,0,-0.7823460582037098,0.005731610626069338
shellder,30,65,100,45,25,40,Water,1,3,0,-1.910893617493096,-1.0343521331760073
cloyster,50,95,180,85,45,70,Water,0,2,1,1.0193286583594439,-1.6396712737175017
gastly,30,35,30,100,35,80,Ghost,1,3,0,-1.8783542109799656,1.904404380883329
haunter,45,50,45,115,55,95,Ghost,1,0,0,-0.5625151495712105,1.9571154441358651
gengar,60,65,60,130,75,110,Ghost,0,0,0,0.7533239118375444,2.0098265073884014
onix,35,45,160,30,45,70,Rock,1,2,-1,-0.9554223054046445,-1.7442352072471623
krabby,30,105,90,25,25,50,Water,1,3,0,-1.6436936454826039,-0.9203169105173873
kingler,55,130,115,50,50,75,Water,0,2,0,0.4130230871225981,-0.7812696651324071
exeggcute,60,40,80,60,45,40,Grass,1,3,0,-1.5443068168863816,-0.601843367960183
exeggutor,95,95,85,125,75,55,Grass,0,5,0,1.389739726165459,0.029476133277373005
exeggutoralola,95,105,85,125,75,45,Grass,0,5,0,1.433641042423624,-0.22977315648775315
cubone,50,50,95,40,50,35,Ground,1,3,0,-1.6100631482447465,-1.2732029011133816
marowak,60,80,110,50,80,45,Ground,0,2,0,-0.10858144163674882,-1.4810331483384886
marowakalola,60,80,110,50,80,45,Fire,0,2,0,-0.10858144163674882,-1.4810331483384886
hitmonlee,50,120,53,35,110,87,Fighting,0,0,0,0.30350925009100005,0.19457535015950955
hitmonchan,50,105,79,35,110,76,Fighting,0,2,0,0.30416934658995154,-0.5368351168698416
lickitung,90,55,75,60,75,30,Normal,1,1,0,-0.5616628479574857,-1.0179542026912272
koffing,40,65,95,60,45,35,Poison,1,3,0,-1.3373152267471122,-1.0266684842874516
weezing,65,90,120,85,70,60,Poison,0,2,0,0.7194015058580897,-0.8876212389024715
weezinggalar,65,90,120,85,70,60,Poison,0,2,0,0.7194015058580897,-0.8876212389024715
rhyhorn,80,85,95,30,30,25,Ground,1,2,0,-1.2361347438806183,-1.6373303251442726
rhydon,105,130,120,45,45,40,Ground,1,2,0,0.7029685095795642,-1.8326133597198042
chansey,250,5,5,35,105,50,Normal,1,1,-1,0.5111771315635266,0.13886377055786883
tangela,65,55,115,100,40,60,Grass,1,2,0,-0.12616642383121987,-0.35796418833803395
kangaskhan,105,95,80,40,80,90,Normal,0,2,0,0.6975931457433537,-0.06740995716181639
horsea,30,40,70,70,25,60,Water,1,3,0,-2.0932826397114157,0.36222945906169945
seadra,55,65,95,95,45,85,Water,1,0,0,-0.11837492895184772,0.5319939884251316
goldeen,45,67,60,35,50,63,Water,1,3,0,-1.6687937635242525,-0.016084345483438137
seaking,80,92,65,65,80,68,Water,0,2,0,0.2343590604448447,0.04247745145509399
staryu,30,45,55,70,55,85,Water,1,3,0,-1.4682708926141288,1.0506337612007373
starmie,60,75,85,100,85,115,Water,0,0,0,0.9997891865121132,1.2174904556627135
mrmime,40,45,65,100,120,90,Psychic,0,4,0,0.3442029625727872,0.9008159377471672
mrmimegalar,50,65,65,90,90,100,Ice,1,0,0,0.2463686867988805,1.1445835947551306
scyther,70,110,80,55,80,105,Bug,1,0,0,0.7660300541478297,0.49576094624687317
jynx,65,50,35,115,95,95,Ice,0,0,0,0.2584750193670549,1.865997634287664
electabuzz,65,83,57,95,85,105,Electric,1,0,0,0.66415254743136,1.4374882345237339
magmar,65,95,57,100,85,93,Fire,1,0,0,0.7879262630870632,1.1836937966151198
pinsir,65,125,100,55,70,85,Bug,0,2,0,0.796884981722228,-0.3276921749507318
tauros,75,100,95,40,70,110,Normal,0,2,0,0.5571142797256977,0.22582715102317924
magikarp,20,10,55,15,20,80,Water,1,3,0,-3.524389849439204,0.612760351804444
gyarados,95,125,79,60,100,81,Water,0,2,0,1.492873096444723,-0.20157645765691656
lapras,130,85,80,85,95,60,Water,0,1,0,1.503010508323802,-0.38258648949673635
ditto,48,48,48,48,48,48,Normal,0,3,0,-2.048691873291113,0.0572070573125015
eevee,55,55,50,45,65,55,Normal,1,3,0,-1.5143613017857929,0.01686403084317809
vaporeon,130,65,60,110,95,65,Water,0,1,0,1.3681537099600256,0.45349184182877655
jolteon,65,65,60,110,95,130,Electric,0,0,0,1.0700853043350127,2.1226960839956894
flareon,65,130,60,95,110,65,Fire,0,5,0,1.3875945171122717,0.17350971915840285
porygon,65,60,70,85,75,40,Normal,1,4,0,-0.46226329291536006,-0.35962908575649594
omanyte,35,40,100,90,55,35,Rock,1,3,0,-1.118000723661649,-0.7765484287483774
omastar,70,60,125,115,70,55,Rock,0,4,0,0.7990039849116664,-0.7032426231649939
kabuto,30,80,90,55,45,55,Rock,1,3,0,-1.2004304405135073,-0.5259208656249779
kabutops,60,115,105,65,70,80,Rock,0,2,0,0.7344510752417794,-0.39688717410868074
aerodactyl,80,105,65,60,75,130,Rock,0,0,0,0.8914261460018826,1.458939583168674
snorlax,160,110,65,65,110,30,Normal,0,1,-1,1.7734062090214233,-1.2388212877298896
articuno,90,85,100,95,125,85,Ice,0,5,0,2.0539784341473473,-0.16816381962742583
articunogalar,90,85,85,125,100,95,Psychic,0,5,0,1.9829206910455526,0.8568972075505477
zapdos,90,90,85,125,90,100,Electric,0,5,0,1.9416395098050956,1.026050281856799
zapdosgalar,90,125,90,85,90,100,Fighting,0,5,0,1.9408926276910767,0.3941733861153871
moltres,90,100,90,125,85,90,Fire,0,5,0,1.9667156892412214,0.7007505436712647
moltresgalar,90,85,90,100,125,90,Dark,0,5,0,2.0492959024069273,0.201347930595787
dratini,41,64,45,50,50,50,Dragon,1,3,0,-1.876754484793613,0.15194172666389608
dragonair,61,84,65,70,70,70,Dragon,1,0,0,-0.23138109870945164,0.26317952297188024
dragonite,91,134,95,100,100,80,Dragon,0,5,0,2.3244816129331207,-0.08846236209639576
mewtwo,106,110,90,154,90,130,Psychic,0,5,-1,3.2406800499762176,1.8987350407279102
mew,100,100,100,100,100,100,Psychic,0,5,0,2.2292789305277076,0.34642532771326023
hoothoot,60,30,30,36,56,50,Normal,1,3,0,-2.3793093888204435,0.28244261395517245
noctowl,100,50,50,86,96,70,Normal,0,1,0,0.3123386657420677,0.5757245303882658
crobat,85,90,80,70,80,130,Poison,0,0,0,1.1610612553953668,1.2756589787079629
chinchou,75,38,38,56,56,67,Water,1,3,0,-1.488715741222931,0.7136052755090906
lanturn,125,58,58,76,76,67,Water,0,1,0,0.39461388254834945,0.29178426512579475
pichu,20,40,15,35,35,60,Electric,1,3,0,-3.266375166411217,0.9835644802346507
cleffa,50,25,28,45,55,15,Fairy,1,3,0,-2.862637259662567,-0.3698488172683524
igglybuff,90,30,15,40,20,15,Normal,1,3,0,-3.0130353610585408,-0.049319509894909394
togepi,35,20,65,40,65,20,Fairy,1,3,0,-2.545345584236973,-1.0458584177900658
togetic,55,40,85,80,105,40,Fairy,1,4,0,-0.2883675661866562,-0.8282709181577409
natu,40,50,45,70,45,70,Psychic,1,3,0,-1.6900493704350403,0.9191784964317345
xatu,65,75,70,95,70,95,Psychic,0,0,0,0.3666673621701617,1.058225741816715
bellossom,75,80,95,90,100,50,Grass,0,4,0,0.8679975051683948,-0.7656760850771929
marill,70,20,50,20,50,40,Water,1,3,0,-2.551470353399151,-0.48603716036449285
azumarill,100,50,80,60,80,50,Water,0,1,0,-0.1419984106245552,-0.6792573487472634
sudowoodo,70,100,115,30,65,30,Rock,0,2,0,-0.29115454994628975,-2.134152373363592
politoed,90,75,75,90,100,70,Water,0,4,0,0.9640549365928137,0.07784796413494725
wooper,55,45,45,25,25,15,Water,1,3,0,-3.0620182440248853,-0.7973152705629218
quagsire,95,85,85,65,65,35,Water,0,2,0,0.0279561194999809,-1.0495259804107744
espeon,65,65,60,130,95,110,Psychic,0,0,0,1.153681440275176,1.8772286207700173
umbreon,95,65,110,60,130,65,Dark,0,4,0,1.3478842642706883,-1.2341523131723244
slowking,95,75,80,100,110,30,Water,0,4,0,1.004417761367669,-0.9248462722339612
slowkinggalar,95,65,80,110,110,30,Poison,0,4,0,1.0023145130795856,-0.7883307140816713
wobbuffet,190,33,58,33,58,33,Psychic,0,1,-1,-0.262744129378078,-0.9691291439287495
dunsparce,100,70,70,65,65,45,Normal,0,1,0,-0.2039191710638188,-0.4987491748870366
steelix,75,85,200,55,65,30,Steel,0,2,1,0.9917223363696014,-3.4695498180012825
qwilfish,65,95,85,55,55,85,Water,0,2,0,-0.07035630062513774,0.1204812897808513
scizor,70,130,100,55,80,65,Bug,0,2,0,0.9049958181150818,-0.8844948653426409
shuckle,20,10,230,10,230,5,Bug,0,4,-1,1.292036375344367,-5.90161455329951
heracross,80,125,75,40,95,85,Bug,0,2,0,0.8970985805599967,-0.19854031439103131
sneasel,55,95,55,35,75,115,Dark,1,0,0,-0.2504763371127974,1.0804866641269408
swinub,50,50,40,30,30,50,Ice,1,3,0,-2.6217269366960414,0.15551659841667934
piloswine,100,100,80,60,60,50,Ice,1,2,0,0.2522031048923759,-0.6659189054995336
corsola,65,55,95,65,95,35,Water,0,4,0,-0.2268131874492818,-1.3032742292521005
corsolagalar,60,55,100,65,100,30,Ghost,1,4,0,-0.20533482379601328,-1.5397020705407913
remoraid,35,65,35,65,35,65,Water,1,3,0,-1.9576105826655226,0.9750417866656197
octillery,75,105,75,105,75,45,Water,0,2,0,0.7308189635724305,-0.22654152810987532
delibird,45,55,45,65,45,75,Ice,0,3,0,-1.5656832030750385,0.9598635422669686
mantine,85,40,70,80,140,70,Water,0,4,0,0.8352311909577576,-0.09933175934205118
skarmory,65,80,140,40,70,70,Steel,0,2,0,0.28760650438115837,-1.5311852670186201
kingdra,75,95,95,95,95,85,Water,0,5,0,1.425063615464555,0.12018773022265981
porygon2,85,80,90,105,95,60,Normal,1,4,0,1.1831100931688014,-0.24839128944851177
tyrogue,35,35,35,35,35,35,Fighting,1,3,0,-3.118184574245818,-0.015097510287688212
hitmontop,50,95,95,35,110,70,Fighting,0,2,0,0.30119853549252423,-0.966991612752125
smoochum,45,30,15,85,65,65,Ice,1,3,0,-1.7930868870219128,1.4642418350855992
elekid,45,63,37,65,55,95,Electric,1,0,0,-1.1866369503141507,1.5104187377854899
magby,45,75,37,70,55,83,Fire,1,3,0,-1.0628632346584477,1.2566242998768757
miltank,95,80,105,40,70,100,Normal,0,2,0,0.5866065685117559,-0.20015419075832666
blissey,255,10,10,75,135,55,Normal,0,1,-1,1.8292105403340717,0.4142197684093654
raikou,90,85,75,115,100,115,Electric,0,5,0,1.9155410573500096,1.410509555193015
entei,115,115,85,90,75,100,Fire,0,5,0,1.9248934979720718,0.6136600652694733
suicune,100,75,115,90,115,85,Water,0,5,0,2.0101752709112573,-0.4518885215525772
larvitar,50,64,50,45,50,41,Rock,1,3,0,-1.8435917259063062,-0.23325130292145846
pupitar,70,84,70,65,70,51,Rock,1,2,0,-0.298604544143873,-0.3593566578453849
tyranitar,100,134,110,95,100,61,Rock,0,5,0,2.3832259375458884,-0.9045340077113813
lugia,106,90,130,90,154,110,Psychic,0,5,-1,3.3923798173182615,-0.4329623643466213
hooh,106,130,90,110,154,90,Fire,0,5,-1,3.5492549553892405,0.008087477485725499
celebi,100,100,100,100,100,100,Psychic,0,5,0,2.2292789305277076,0.34642532771326023
treecko,40,45,35,65,55,70,Grass,1,3,0,-1.7956349932268134,1.004927752729622
grovyle,50,65,45,85,65,95,Grass,1,0,0,-0.5358972008304371,1.5092646588173386
sceptile,70,85,65,105,85,120,Grass,0,0,0,1.1596692874145889,1.7391740307412782
torchic,45,60,40,70,50,45,Fire,1,3,0,-1.7047807827823327,0.3602361775345745
combusken,60,85,60,85,60,55,Fire,1,3,0,-0.3954814616222214,0.23703636219598354
blaziken,80,120,70,110,70,80,Fire,0,5,0,1.298022629900092,0.746361268884261
mudkip,50,70,50,50,50,40,Water,1,3,0,-1.695965697844638,-0.2128245913550417
marshtomp,70,85,70,60,70,50,Water,1,2,0,-0.36530654866396156,-0.4425862966314346
swampert,100,110,90,85,90,60,Water,0,2,0,1.4691594116445152,-0.5417975124215847
zigzagoon,38,30,41,30,41,60,Normal,1,3,0,-2.7928306070012168,0.3730894571736383
zigzagoongalar,38,30,41,30,41,60,Dark,1,3,0,-2.7928306070012168,0.3730894571736383
linoone,78,70,61,50,61,100,Normal,0,0,0,-0.36562400689342806,0.8762862760607064
linoonegalar,78,70,61,50,61,100,Dark,1,0,0,-0.36562400689342806,0.8762862760607064
lotad,40,30,30,40,50,30,Water,1,3,0,-2.9138646789823204,-0.07062417706857066
lombre,60,50,50,60,70,50,Water,1,3,0,-1.268491292898159,0.040613619239413506
ludicolo,80,70,70,90,100,70,Water,0,4,0,0.6826844091690805,0.20502626720956826
seedot,40,40,50,30,30,30,Grass,1,3,0,-2.987061977982394,-0.47134152890249364
nuzleaf,70,70,40,60,40,60,Grass,1,3,0,-1.3501090664274449,0.5925261606641719
shiftry,90,100,60,90,60,80,Grass,0,0,0,0.5817361125284201,0.7964672380580147
wingull,40,30,30,55,30,85,Water,1,3,0,-2.4757002341576357,1.5295464200493565
pelipper,60,50,100,95,70,65,Water,0,4,0,0.009571816841715814,-0.16991600923456238
ralts,28,25,25,45,35,40,Psychic,1,3,0,-3.29843250789736,0.44724533926468457
kirlia,38,35,35,65,55,50,Psychic,1,3,0,-2.1699434988722017,0.5560390890808471
gardevoir,68,65,65,125,115,80,Psychic,0,4,0,1.2155235282032741,0.8824203385293347
nincada,31,45,90,30,30,40,Bug,1,3,0,-2.442279527081134,-1.0015815548598344
ninjask,61,90,45,50,50,160,Bug,0,0,0,-0.1048729195264953,2.6668454272102453
shedinja,1,90,45,30,30,40,Bug,0,3,-1,-2.7985692960145423,-0.17087708244210378
whismur,64,51,23,51,23,28,Normal,1,3,0,-2.653498667042894,0.21662481880635365
loudred,84,71,43,71,43,48,Normal,1,3,0,-1.0081252809587324,0.32786261511433784
exploud,104,91,63,91,73,68,Normal,0,1,0,0.8008661488166966,0.37766584346541826
azurill,50,20,40,20,40,20,Normal,1,3,0,-3.3343143400014483,-0.6668384272553837
sableye,50,75,75,65,65,50,Dark,0,3,0,-0.7498128341403728,-0.3905108938907842
mawile,50,85,85,55,55,50,Steel,0,3,0,-0.7853598594963679,-0.6591273488838906
aron,50,70,100,40,40,30,Steel,1,3,0,-1.472315367913497,-1.4710199182377246
lairon,60,90,140,50,50,40,Steel,1,2,0,-0.12743784414995477,-2.0179135530101093
aggron,70,110,180,60,60,50,Steel,0,2,1,1.2174396796135876,-2.5648071877824936
electrike,40,45,40,65,40,65,Electric,1,3,0,-2.028271275900985,0.8816402966501623
manectric,70,75,60,105,60,105,Electric,0,0,0,0.39277346610033875,1.6554195947177475
roselia,50,60,45,100,80,65,Grass,1,0,0,-0.4504961001109517,0.8879505518814704
carvanha,45,90,20,65,20,65,Water,1,3,0,-1.8850276197132831,1.283273988055364
sharpedo,70,120,40,95,40,95,Water,0,0,0,0.22032520461940594,1.714829465976541
wailmer,130,70,35,70,35,60,Water,1,1,0,-0.47526040834371214,0.71787558820564
wailord,170,90,45,90,45,60,Water,0,1,0,0.9722405195789192,0.5704821119861213
torkoal,70,85,140,85,70,20,Fire,0,2,0,0.5707699094307045,-2.2228404548635234
trapinch,45,100,45,45,45,10,Ground,1,3,0,-1.8532682331403725,-0.9106634033780685
vibrava,50,70,50,50,50,70,Ground,1,3,0,-1.3948070848794532,0.4992048623406899
flygon,80,100,80,80,80,100,Ground,0,0,0,1.0732529942467892,0.6660615568026661
swablu,45,40,60,40,75,50,Normal,1,3,0,-1.7087348893341368,-0.36176557812796223
altaria,75,70,90,70,105,80,Dragon,0,4,0,0.7593251897921054,-0.1949088836659859
lunatone,90,55,65,95,85,70,Rock,0,4,0,0.3751771959948411,0.4646522677439916
solrock,90,95,85,55,65,70,Rock,0,2,0,0.30828964185901747,-0.34561175854680093
barboach,50,48,43,46,41,60,Water,1,3,0,-2.1049332217488446,0.4549773845538415
whiscash,110,78,73,76,71,60,Water,0,1,0,0.5006968907427886,-0.14856787890737289
corphish,43,80,65,50,35,35,Water,1,3,0,-1.7607167073688608,-0.5379333997790302
crawdaunt,63,120,85,90,55,55,Water,0,2,0,0.4576002644587074,-0.2412890412993286
baltoy,40,40,55,40,70,55,Ground,1,3,0,-1.8764561350975972,-0.1058802354301183
claydol,60,70,105,70,120,75,Ground,0,4,0,0.9241464850736393,-0.666849256300148
lileep,66,41,77,61,87,23,Rock,1,4,0,-0.9491650031908666,-1.2076954437710168
cradily,86,81,97,81,107,43,Rock,0,4,0,0.9847834240530815,-1.1402699245294636
anorith,45,95,50,40,50,75,Rock,1,3,0,-1.1992008946157617,0.45823042270910846
armaldo,75,125,100,70,80,45,Rock,0,2,0,0.9184774986744896,-1.1860427198158192
feebas,20,15,20,10,55,80,Water,1,3,0,-3.3915622675408885,1.0068557116711572
milotic,95,60,79,100,125,81,Water,0,4,0,1.5327864110708262,0.2456647013930223
duskull,20,40,90,30,90,25,Ghost,1,3,0,-1.8441615020272772,-1.6938473686324471
dusclops,40,70,130,60,130,25,Ghost,1,4,0,0.46608289576204526,-2.474532659211674
absol,65,130,60,75,60,75,Dark,0,2,0,0.38552195839404113,0.48880687093668385
wynaut,95,23,48,23,48,23,Psychic,1,3,0,-2.32849532035679,-0.8593592801049409
snorunt,50,50,50,50,50,50,Ice,1,3,0,-1.8841545346826962,0.06833083694329992
glalie,80,80,80,80,80,80,Ice,0,0,0,0.5839055444435458,0.2351875314052762
spheal,70,40,50,55,50,25,Ice,1,3,0,-1.9158296657006215,-0.48473119561202976
sealeo,90,60,70,75,70,45,Ice,1,1,0,-0.2704562796164601,-0.3734933993040456
walrein,110,80,90,95,90,65,Ice,0,1,0,1.3749171064677013,-0.2622556029960614
relicanth,100,90,130,45,65,55,Water,0,2,0,0.6564801501172126,-1.6956499287460278
bagon,45,75,60,40,30,50,Dragon,1,3,0,-1.9400097639152152,-0.1619815071881495
shelgon,65,95,100,60,50,50,Dragon,1,2,0,-0.2434732463801315,-0.9125009429394271
salamence,95,135,80,110,80,100,Dragon,0,5,0,2.2241764563171333,0.904032078679905
beldum,40,55,80,35,60,30,Steel,1,3,0,-1.830781119751277,-1.2118061251566523
metang,60,75,100,55,80,50,Steel,1,2,0,-0.18540773366711566,-1.100568328848668
metagross,80,135,130,95,90,70,Steel,0,2,0,2.2838340056761606,-0.9798371442762142
regirock,80,100,200,50,100,50,Rock,0,2,-1,1.9836184837115263,-3.3097771717005617
regice,80,50,100,100,200,50,Ice,0,4,-1,2.349604978711893,-1.3061904125309465
registeel,80,75,150,75,150,50,Steel,0,4,0,2.16661173121171,-2.3079837921157544
latias,80,80,90,110,130,110,Dragon,0,5,0,2.255674962787689,0.7903369393759913
latios,80,90,80,130,110,110,Dragon,0,5,0,2.2311271705214777,1.3140542407924523
kyogre,100,100,90,150,140,90,Water,0,5,0,3.3683184923829113,0.6299264675468265
groudon,100,150,140,100,90,90,Ground,0,5,0,3.1905833656029357,-0.7131558074187055
rayquaza,105,150,90,150,90,95,Dragon,0,5,0,3.3949804200419984,0.9365114395766464
jirachi,100,100,100,100,100,100,Steel,0,5,0,2.2292789305277076,0.34642532771326023
shinx,45,65,34,40,34,45,Electric,1,3,0,-2.3965593713021587,0.21987143702042228
luxio,60,85,49,60,49,60,Electric,1,3,0,-1.0192934353031853,0.34965142479433964
luxray,80,120,79,95,79,70,Electric,0,2,0,1.24498724950526,0.10763095874457733
budew,40,30,35,50,70,55,Grass,1,3,0,-2.130494923480059,0.4177062523176122
roserade,60,70,65,125,105,90,Grass,0,0,0,1.1074411434355278,1.1858109895788638
combee,30,30,42,30,42,70,Bug,1,3,0,-2.780480126993796,0.6005016062574088
vespiquen,70,80,102,80,102,40,Bug,0,4,0,0.6732066352710466,-1.255661644173386
cherubi,45,35,45,62,53,35,Grass,1,3,0,-2.167563908256267,-0.02922726584548793
cherrim,70,60,70,87,78,85,Grass,0,0,0,0.14011833515325553,0.7031778576192687
shellos,76,48,48,57,62,34,Water,1,3,0,-1.422721383202591,-0.31241427584030024
gastrodon,111,83,68,92,82,39,Water,0,1,0,0.7211447088718209,-0.44732253686512324
drifloon,90,50,34,60,44,70,Ghost,1,3,0,-1.255945583596926,0.9263140378400782
drifblim,150,80,44,90,54,80,Ghost,0,1,0,0.8708991057395209,1.0700519911200226
buneary,55,66,44,44,56,85,Normal,1,3,0,-1.291541744762361,0.8647481802303109
lopunny,65,76,84,54,96,105,Normal,0,0,0,0.5002885938168196,0.3928001313523409
stunky,63,63,47,41,41,74,Poison,1,3,0,-1.5785505362123646,0.5943849409181687
skuntank,103,93,67,71,61,84,Poison,0,0,0,0.5453942026421558,0.5220678642617951
bronzor,57,24,86,24,86,23,Steel,1,3,0,-1.7551450008822114,-1.7450365711091453
bronzong,67,89,116,79,116,33,Steel,0,4,0,1.0801239081393423,-1.8040991121112528
bonsly,50,80,95,10,45,10,Rock,1,3,0,-1.9365279360304513,-2.245390169671576
mimejr,20,25,45,70,90,60,Psychic,1,3,0,-1.7073589438161805,0.4990601385451018
happiny,100,5,5,15,65,30,Normal,1,3,-1,-2.822079228081499,-0.027440578179190503
spiritomb,50,92,108,92,108,35,Ghost,0,4,0,0.848045408578917,-1.3771562993207793
gible,58,70,45,40,45,42,Dragon,1,3,0,-1.8458713304531775,-0.16804636547774413
gabite,68,90,65,50,55,82,Dragon,1,0,0,-0.45177073381882915,0.3841603830410436
garchomp,108,130,95,80,85,102,Dragon,0,5,0,2.20643354367577,0.2723102863287408
munchlax,135,85,40,40,85,5,Normal,1,1,-1,-0.2833105235837783,-1.3778685331148697
riolu,40,70,40,35,40,60,Fighting,1,3,0,-2.1442983934875457,0.3643751158439451
lucario,70,110,70,115,70,90,Fighting,0,0,0,1.1789705676776403,1.0823727698680774
hippopotas,68,72,78,38,42,32,Ground,1,3,0,-1.4329857749587525,-1.0723867931946718
hippowdon,108,112,118,68,72,47,Ground,0,2,0,1.3009931704221718,-1.4964439303206503
skorupi,40,50,90,30,55,65,Poison,1,3,0,-1.5785065528595243,-0.5902749172071632
drapion,70,90,110,60,75,95,Poison,0,2,0,0.744255233108154,-0.19035432852377826
croagunk,48,61,40,61,40,50,Poison,1,3,0,-1.8878699526843181,0.4291659791741993
toxicroak,83,106,65,86,65,85,Poison,0,0,0,0.7040509075125903,0.742286597315506
mantyke,45,20,50,60,120,50,Water,1,4,0,-1.1026279593467878,-0.17165455283172923
snover,60,62,50,62,60,40,Grass,1,3,0,-1.330913661756921,-0.13866044635163685
abomasnow,90,92,75,92,85,60,Grass,0,2,0,0.8919673061783643,-0.08166188674425917
weavile,70,120,65,45,85,125,Dark,0,0,0,0.8617630778542194,1.0935176037765333
magnezone,70,70,115,130,90,60,Electric,0,4,0,1.4080293334254852,-0.3638967277697301
lickilicky,110,85,95,80,95,50,Normal,0,1,0,1.227998058706569,-0.9286225449164586
rhyperior,115,140,130,55,55,40,Ground,0,2,0,1.425268998299917,-2.0143376127977235
tangrowth,100,100,125,110,50,50,Grass,0,2,0,1.3663613878725105,-0.9023468310369999
electivire,75,123,67,95,85,95,Electric,0,0,0,1.4131270775865867,0.8995275629520876
magmortar,75,95,67,125,95,83,Fire,0,5,0,1.4788294353435092,0.9584466602671177
togekiss,85,50,95,120,115,80,Fairy,0,4,0,1.5545163209164237,0.24429068973089962
leafeon,65,110,130,60,65,95,Grass,0,2,0,1.0480263296159558,-0.5500742165241699
glaceon,65,60,110,130,95,65,Ice,0,4,0,1.259638610773399,-0.1475398144955743
mamoswine,110,130,80,70,60,80,Ice,0,2,0,1.2746514339992425,0.07554405080647274
porygonz,85,80,70,135,75,90,Normal,0,0,0,1.331649895532502,1.3174064886136911
gallade,68,125,65,65,115,80,Psychic,0,2,0,1.2281430179317738,0.06332698961559556
dusknoir,45,100,135,65,135,45,Ghost,0,4,0,1.3887243502154114,-2.145473829619851
froslass,70,80,70,80,70,110,Ice,0,0,0,0.4492354615600817,1.2216445192647851
rotom,50,50,77,95,77,91,Electric,0,0,0,-0.05086017455663074,0.8687610568424822
rotomheat,50,65,107,105,107,86,Electric,0,4,0,1.1263197176595268,0.06692959478190537
rotomwash,50,65,107,105,107,86,Electric,0,4,0,1.1263197176595268,0.06692959478190537
rotomfrost,50,65,107,105,107,86,Electric,0,4,0,1.1263197176595268,0.06692959478190537
rotomfan,50,65,107,105,107,86,Electric,0,4,0,1.1263197176595268,0.06692959478190537
rotommow,50,65,107,105,107,86,Electric,0,4,0,1.1263197176595268,0.06692959478190537
uxie,75,75,130,75,130,95,Psychic,0,4,0,1.966056582127477,-0.720270795358332
mesprit,80,105,105,105,105,80,Psychic,0,5,0,2.024049560968947,-0.17047934776663742
azelf,75,125,70,125,70,115,Psychic,0,5,0,1.861673072698707,1.7477521090625283
dialga,100,120,120,150,100,90,Steel,0,5,0,3.3803246689191946,0.2512460679148494
palkia,90,120,100,150,120,100,Water,0,5,0,3.4097685384188874,0.772248514237546
heatran,91,90,106,130,106,77,Fire,0,5,0,2.3227888512271706,0.030800208885767733
regigigas,110,160,110,80,110,100,Normal,0,5,0,3.2464642052720967,-0.2886578768879589
giratina,150,100,120,100,120,90,Ghost,0,5,0,3.4392787642338525,-0.4981453960736638
giratinaorigin,150,120,100,120,100,90,Ghost,0,5,0,3.433050722500345,0.1972012316073022
cresselia,120,70,120,75,130,85,Psychic,0,5,0,2.3256518169644758,-0.8406841688671028
victini,100,100,100,100,100,100,Psychic,0,5,0,2.2292789305277076,0.34642532771326023
lillipup,45,60,45,25,45,55,Normal,1,3,0,-2.2630489405957888,0.015786492060242494
herdier,65,80,65,35,65,60,Normal,1,3,0,-0.9104391332860297,-0.34359985809871346
stoutland,85,110,90,45,90,80,Normal,0,2,0,0.8818304079554439,-0.49636263632033123
purrloin,41,50,37,50,37,66,Dark,1,3,0,-2.2316167595270984,0.7970526727636059
liepard,64,88,50,88,50,106,Dark,0,0,0,-0.02865894261427653,1.7224844499954481
munna,76,25,45,67,55,24,Psychic,1,3,0,-1.865107574164308,-0.2836990518175918
musharna,116,55,85,107,95,29,Psychic,0,1,0,0.9299999622980727,-0.8700183499800949
pidove,50,55,50,36,30,43,Normal,1,3,0,-2.4085751860090294,-0.14634648973854164
tranquill,62,77,62,50,42,65,Normal,1,3,0,-1.1482405749985487,0.15875508466875876
unfezant,80,115,80,65,55,93,Normal,0,2,0,0.5970924144255347,0.44873443360415355
roggenrola,55,75,85,25,25,15,Rock,1,3,0,-2.125284602096448,-1.6371755453534498
boldore,70,105,105,50,40,20,Rock,1,2,0,-0.5700413286698102,-1.8061078699339814
gigalith,85,135,130,60,80,25,Rock,0,2,0,1.2439545305708763,-2.3973084762342443
woobat,65,45,43,55,43,72,Psychic,1,3,0,-1.6477022557705678,0.8080363195441554
swoobat,67,57,55,77,55,114,Psychic,0,0,0,-0.363378220973268,1.720875372052905
drilbur,60,85,40,30,45,68,Ground,1,3,0,-1.5443554992402104,0.3944534324233552
excadrill,110,135,60,50,65,88,Ground,0,2,0,0.9726090949142067,0.3816003089042336
audino,103,60,86,60,86,50,Normal,0,1,0,0.21991346283146992,-0.8599827573559994
timburr,75,80,55,25,35,35,Fighting,1,3,0,-1.7741679353929611,-0.6931854885382853
gurdurr,85,105,85,40,50,40,Fighting,1,2,0,-0.3804063655559869,-1.1495808775644272
conkeldurr,105,140,95,55,65,45,Fighting,0,2,0,1.0519500668766937,-1.260268976937497
tympole,50,50,40,50,40,64,Water,1,3,0,-2.033199662370734,0.655581281422599
palpitoad,75,65,55,65,55,69,Water,1,3,0,-0.7533129450191492,0.48220897601252344
seismitoad,105,95,75,85,75,74,Water,0,1,0,1.0320115372725052,0.19606840553027324
throh,120,100,85,30,85,45,Fighting,0,1,0,0.5399719443282295,-1.4176878950821374
sawk,75,125,75,30,75,85,Fighting,0,2,0,0.3545567798305553,-0.18055184739172142
venipede,30,45,59,30,39,57,Bug,1,3,0,-2.529491115769361,-0.051483617912951515
whirlipede,40,55,99,40,79,47,Bug,1,3,0,-1.0388193901553653,-1.235461120486653
scolipede,60,100,89,55,69,112,Bug,0,0,0,0.4791611394650302,0.5966608984862249
cottonee,40,27,60,37,50,66,Grass,1,3,0,-2.2605125711440412,0.17539378864738867
whimsicott,60,67,85,77,75,116,Grass,0,0,0,0.4037559205179405,1.05658258444551
petilil,45,35,50,70,50,30,Grass,1,3,0,-2.0901111206674687,-0.13454866777797275
lilligant,70,60,75,110,75,90,Grass,0,0,0,0.5312337355014971,1.007113736347306
basculin,70,92,65,80,55,98,Water,0,0,0,0.19350609050938325,1.0994649558808496
sandile,50,72,35,35,35,65,Ground,1,3,0,-2.0637978119697395,0.5866929787214163
krokorok,60,82,45,45,45,74,Ground,1,3,0,-1.2511497393598316,0.6185775617522175
krookodile,95,117,80,65,70,92,Ground,0,2,0,1.0807026868115301,0.2992807867252341
darumaka,70,90,45,15,45,50,Fire,1,3,0,-1.6569565480333033,-0.33185667229731625
darumakagalar,70,90,45,15,45,50,Ice,1,3,0,-1.6569565480333033,-0.33185667229731625
darmanitan,105,140,55,30,55,95,Fire,0,2,0,0.5309312838757846,0.47549965732215504
darmanitangalar,105,140,55,30,55,95,Ice,0,2,0,0.5309312838757846,0.47549965732215504
maractus,75,86,67,106,67,60,Grass,0,0,0,0.3898017571916411,0.3865318301167069
dwebble,50,65,85,35,35,55,Bug,1,3,0,-1.635346430461446,-0.6029931995258452
crustle,70,105,125,65,75,45,Bug,0,2,0,0.7187992835860416,-1.6429277798701978
scraggy,50,75,70,35,70,48,Dark,1,3,0,-1.1776177550581093,-0.7157573345739808
scrafty,65,90,115,45,115,58,Dark,0,4,0,0.8038844874136143,-1.5732153710323575
sigilyph,72,58,80,103,80,97,Psychic,0,0,0,0.6471590670977283,0.9660320595237916
yamask,38,30,85,55,65,30,Ghost,1,3,0,-1.7915870461702,-1.0514154556809463
yamaskgalar,38,55,85,30,65,30,Ground,1,3,0,-1.786328925449992,-1.3927043510616708
cofagrigus,58,50,145,95,105,30,Ghost,0,4,0,0.7684896434254179,-2.082656117703324
tirtouga,54,78,103,53,45,22,Water,1,3,0,-1.0742582552237445,-1.625988028526458
carracosta,74,108,133,83,65,32,Water,0,2,0,0.8831684894575814,-1.852925567162246
archen,55,112,45,74,45,70,Rock,1,0,0,-0.51922871075769,0.8000179532596984
archeops,75,140,65,112,65,110,Rock,0,0,0,1.6982787905591012,1.5747140965192652
trubbish,50,50,62,40,62,65,Poison,1,3,0,-1.5282565240057653,0.003772104866542417
garbodor,80,95,82,60,82,75,Poison,0,2,0,0.5236923413165929,-0.19655609779957586
zorua,40,65,40,80,40,65,Dark,1,3,0,-1.526419826303483,1.0097421490123426
zoroark,60,105,60,120,60,105,Dark,0,0,0,0.8926695541675418,1.7810728099558653
minccino,55,50,40,40,40,75,Normal,1,3,0,-1.9918376688535468,0.7923205774540496
cinccino,75,95,60,65,60,115,Normal,0,0,0,0.2861190634697095,1.3807840397023534
gothita,45,30,50,55,65,45,Psychic,1,3,0,-1.9795249173756362,-0.031646853027466296
gothorita,60,45,70,75,85,55,Psychic,1,4,0,-0.5798029369582458,-0.1370703879802084
gothitelle,70,55,95,95,110,65,Psychic,0,4,0,0.8194467489833308,-0.3492971193390783
solosis,45,30,40,105,50,20,Psychic,1,3,0,-1.890963902304998,0.23372968372120495
duosion,65,40,50,125,60,30,Psychic,1,3,0,-0.7798500548609155,0.3845005000851184
reuniclus,110,65,75,125,85,30,Psychic,0,1,0,0.9629262504308241,-0.39524868447566974
vanillite,36,50,50,65,60,44,Ice,1,3,0,-1.772231840101019,0.06364500964867549
vanillish,51,65,65,80,75,59,Ice,1,3,0,-0.5382018005378981,0.14707335687966364
vanilluxe,71,95,85,110,95,79,Ice,0,5,0,1.393643378417967,0.3510144342735065
emolga,55,75,60,75,60,103,Electric,0,0,0,-0.2732209148047249,1.293308957727872
karrablast,50,75,45,40,45,60,Bug,1,3,0,-1.7100267080722735,0.26378423860040934
escavalier,70,135,105,60,105,20,Bug,0,2,0,1.0685227893549203,-2.1565415576344287
foongus,69,55,45,55,55,15,Grass,1,3,0,-1.7955837405414898,-0.68693735608244
amoonguss,114,85,70,85,80,30,Grass,0,1,0,0.596468448398219,-0.7777966242047472
frillish,55,40,50,65,85,40,Water,1,3,0,-1.2697672571720697,-0.19994178488052336
jellicent,100,60,70,85,105,60,Water,0,4,0,0.7412133341875715,-0.13734774209542186
joltik,50,47,50,57,50,65,Bug,1,3,0,-1.6773324937698049,0.5111439990844824
galvantula,70,77,60,97,60,108,Bug,0,0,0,0.3379994136793879,1.6305537766854181
ferroseed,44,50,91,24,86,10,Grass,1,3,0,-1.63763137471239,-2.182011608463951
ferrothorn,74,94,131,54,116,20,Grass,0,4,0,0.9576265946294354,-2.714045275210018
klink,40,55,70,45,60,30,Steel,1,3,0,-1.8145646175066565,-0.9036612407398577
klang,60,80,95,70,85,50,Steel,1,4,0,0.11883757188258519,-0.8735568202662561
klinklang,60,100,115,70,85,90,Steel,0,2,0,1.060892970423664,-0.3550674220004859
elgyem,55,55,55,85,55,30,Psychic,1,3,0,-1.2972238820905466,-0.1533893332022575
beheeyem,75,75,75,125,95,40,Psychic,0,4,0,0.8593679316380423,-0.1731449848018429
litwick,50,30,55,65,55,20,Ghost,1,3,0,-2.115818873500724,-0.5554572266347012
lampent,60,40,60,95,60,55,Ghost,1,3,0,-0.9025910319399313,0.4502234052145278
chandelure,60,55,90,145,90,80,Ghost,0,4,0,1.1444845624086515,0.8188590753259798
axew,46,87,60,30,40,57,Dragon,1,3,0,-1.6605363365836565,-0.20011840528256417
fraxure,66,117,70,40,50,67,Dragon,1,2,0,-0.4030317202715972,-0.20776928560415617
haxorus,76,147,90,60,70,97,Dragon,0,2,0,1.340772508603994,0.13836302481167603
cubchoo,55,70,40,60,40,40,Ice,1,3,0,-1.7702457982361892,0.14702611031408033
beartic,95,130,80,70,80,50,Ice,0,2,0,1.0813645852513054,-0.730168286689337
cryogonal,80,50,50,95,135,105,Ice,0,4,0,1.1372808321063064,1.3088942251435007
shelmet,50,40,85,40,65,25,Bug,1,3,0,-1.7352775776566558,-1.387256300949712
accelgor,80,70,40,100,60,145,Bug,0,0,0,0.5453897289672134,2.926053987288748
stunfisk,109,66,84,81,99,32,Ground,0,1,0,0.6996334112684214,-1.1124966777232344
stunfiskgalar,109,81,99,66,84,32,Ground,0,1,0,0.6463128732344287,-1.5154213602128939
mienfoo,45,85,50,55,50,65,Fighting,1,3,0,-1.2305982110796683,0.41470753943902505
mienshao,65,125,60,95,60,105,Fighting,0,0,0,0.8989053556528992,1.441008233137172
druddigon,77,120,90,60,90,48,Dragon,0,2,0,0.801164177455368,-1.0902867282397266
golett,59,74,50,35,50,35,Ground,1,3,0,-1.7701016063120874,-0.5296845030811324
golurk,89,124,80,55,80,55,Ground,0,2,0,0.7439630373604034,-0.758592656536572
pawniard,45,85,70,40,40,60,Dark,1,3,0,-1.4057502252751364,-0.20151452724407865
bisharp,65,125,100,60,70,70,Dark,0,2,0,0.7173978113855406,-0.6264021919890604
bouffalant,95,110,95,40,95,55,Normal,0,2,0,0.8508085499846385,-1.29396774199611
rufflet,70,83,50,37,50,60,Normal,1,3,0,-1.1999733022062893,0.04547648269249655
braviary,100,123,75,57,75,80,Normal,0,2,0,1.0250109140170796,-0.03404051585241554
vullaby,70,55,75,45,65,60,Dark,1,3,0,-0.9298844513416674,-0.37748930764889715
mandibuzz,110,65,105,55,95,80,Dark,0,1,0,1.0110887198296319,-0.6528398279997019
heatmor,85,97,66,105,66,65,Fire,0,0,0,0.701777005497553,0.47568521325052704
durant,58,109,112,48,48,109,Bug,0,2,0,0.3962544590209836,0.11328835865997776
deino,52,65,50,45,50,38,Dark,1,3,0,-1.830030258722797,-0.3105363624261838
zweilous,72,85,70,65,70,58,Dark,1,2,0,-0.18465687263863553,-0.1992985661181996
hydreigon,92,105,90,125,90,98,Dark,0,5,0,2.2302260112562227,0.8450632111299028
larvesta,55,85,55,50,55,60,Bug,1,3,0,-1.060847660407017,0.09178873622706744
volcarona,85,60,65,135,105,100,Bug,0,5,0,1.5713313047446524,1.5110259454401815
cobalion,91,90,129,90,72,108,Steel,0,5,0,1.7986735180155136,0.07187226124710933
terrakion,91,129,90,72,90,108,Rock,0,5,0,1.9087013336120826,0.42434745604191754
virizion,91,90,72,90,129,108,Grass,0,5,0,2.01328007778676,0.8248473732397638
tornadus,79,115,70,125,80,111,Flying,0,5,0,1.899346266925467,1.6055034185824146
tornadustherian,79,100,80,110,90,121,Flying,0,5,0,1.8596105956780973,1.4488216154309128
thundurus,79,115,70,125,80,111,Electric,0,5,0,1.899346266925467,1.6055034185824146
thundurustherian,79,105,70,145,80,101,Electric,0,5,0,1.9390410866074652,1.619285245121868
reshiram,100,120,100,150,120,90,Dragon,0,5,0,3.455625216207351,0.5154478615964825
zekrom,100,150,120,120,100,90,Dragon,0,5,0,3.3866344137834443,-0.15830060654202024
landorus,89,125,90,115,80,101,Ground,0,5,0,2.1992417330963927,0.8251162781936202
landorustherian,89,145,90,105,80,91,Ground,0,5,0,2.245246297642641,0.4293514302762043
kyurem,125,130,90,130,90,95,Dragon,0,5,0,3.1145225985189757,0.712189874586623
kyuremblack,125,170,100,120,90,95,Dragon,0,5,0,3.675456178593928,0.316420436036966
kyuremwhite,125,120,90,170,100,95,Dragon,0,5,0,3.70259021079759,1.1310991236392318
keldeo,91,72,90,129,90,108,Water,0,5,0,1.8967128183700082,1.2024861375099698
genesect,71,120,95,120,95,99,Bug,0,5,0,2.223286630850156,0.6920093452256426
bunnelby,38,36,38,32,36,57,Normal,1,3,0,-2.8275364543512276,0.4004426360257188
diggersby,85,56,77,50,77,78,Normal,0,0,0,-0.22276886575441504,-0.0367723660968007
fletchling,45,50,43,40,38,62,Normal,1,3,0,-2.2635158943060825,0.4574582564137837
fletchinder,62,73,55,56,52,84,Fire,1,3,0,-0.8544706269859009,0.7612754365956199
talonflame,78,81,71,74,69,126,Fire,0,0,0,0.6522008554814959,1.5016612047996718
pancham,67,82,62,46,48,43,Fighting,1,3,0,-1.1825279058632716,-0.46678617663440075
pangoro,95,124,78,69,71,58,Fighting,0,2,0,0.8884328157999918,-0.4446128204250292
espurr,62,48,54,63,60,68,Psychic,1,3,0,-1.1579807067978372,0.4867242268052031
meowstic,74,48,76,83,81,104,Psychic,0,0,0,0.28399661773171414,0.9922387935227631
meowsticf,74,48,76,83,81,104,Psychic,0,0,0,0.28399661773171414,0.9922387935227631
honedge,45,80,100,35,37,28,Steel,1,3,0,-1.5414040785063308,-1.5695402757352117
doublade,59,110,150,45,49,35,Steel,1,2,0,0.13483363617010613,-2.4231483733631474
aegislash,60,50,140,50,140,60,Steel,0,4,0,0.9687468753953388,-2.00851380802556
spritzee,78,52,60,63,65,23,Fairy,1,3,0,-1.1606253227634027,-0.7680529742634097
aromatisse,101,72,72,99,89,29,Fairy,0,1,0,0.5802480790090484,-0.6813032240569125
swirlix,62,48,66,59,57,49,Fairy,1,3,0,-1.3035122929765979,-0.22388371575324997
slurpuff,82,80,86,85,75,72,Fairy,0,2,0,0.5977089337367864,0.01332222504727401
inkay,53,54,53,37,46,45,Dark,1,3,0,-2.045256204420249,-0.24741950227003867
malamar,86,92,88,68,75,73,Dark,0,2,0,0.6228700228222688,-0.23055693294502524
binacle,42,52,67,39,56,50,Rock,1,3,0,-1.8163780004808796,-0.4124257821472694
barbaracle,72,105,115,54,86,68,Rock,0,2,0,0.8765455084402692,-1.1010429538544897
skrelp,50,60,60,60,60,30,Poison,1,3,0,-1.5088693367159924,-0.5686222171892866
dragalge,65,75,90,97,123,44,Poison,0,4,0,1.0022457462458074,-0.841976585309245
clauncher,50,53,62,58,63,44,Water,1,3,0,-1.423487802413042,-0.30106685576179104
clawitzer,71,73,88,120,89,59,Water,0,4,0,0.957242201589951,0.01793115753666006
helioptile,44,38,33,61,43,70,Electric,1,3,0,-2.116548020144345,1.0790638557994108
heliolisk,62,55,52,109,94,109,Electric,0,0,0,0.539759442410373,1.8015297420365985
tyrunt,58,89,77,45,45,48,Rock,1,3,0,-1.037304318461432,-0.6292709154948755
tyrantrum,82,121,119,69,59,71,Rock,0,2,0,1.1056590832649766,-0.8239740545540508
amaura,77,59,50,67,63,46,Rock,1,3,0,-0.9451777464972405,0.016113872974379783
aurorus,123,77,72,99,92,58,Rock,0,1,0,1.3143315855818096,-0.06519802823818742
sylveon,95,65,65,110,130,60,Fairy,0,4,0,1.441757558356522,0.09113280089683322
hawlucha,78,92,75,74,63,118,Fighting,0,0,0,0.6828244464661111,1.2471364862826604
dedenne,67,58,57,81,67,101,Electric,0,0,0,-0.20104261917784222,1.343553854937901
carbink,50,50,150,50,150,50,Rock,0,4,0,1.0117036027018758,-2.4813694906029418
goomy,45,50,35,55,75,40,Dragon,1,3,0,-1.7664765897562302,0.03473792352982409
sliggoo,68,75,53,83,113,60,Dragon,1,4,0,0.37797976371922765,0.1489978064808312
goodra,90,100,70,110,150,80,Dragon,0,5,0,2.4646348203806396,0.27923950088630856
klefki,57,80,91,80,87,75,Steel,0,4,0,0.4504509910650362,-0.09462499981695223
phantump,43,70,48,50,60,38,Ghost,1,3,0,-1.6799884665042881,-0.26940044561237647
trevenant,85,110,76,65,82,56,Ghost,0,2,0,0.6180227491478365,-0.5166700549564364
pumpkaboo,49,66,70,44,55,51,Ghost,1,3,0,-1.4094461709687867,-0.4275927847910758
pumpkaboosuper,59,66,70,44,55,41,Ghost,1,3,0,-1.363589493180323,-0.6843934374321393
gourgeist,65,90,122,58,75,84,Ghost,0,2,0,0.6834334368974222,-0.6968674858553828
bergmite,55,69,85,32,35,28,Ice,1,3,0,-1.8182080145306023,-1.2966937398555884
avalugg,95,117,184,44,46,28,Ice,0,2,1,1.057025510971395,-3.3257210331587723
noibat,40,30,35,45,40,55,Flying,1,3,0,-2.6924411906997676,0.5447052463787866
noivern,85,70,80,97,80,123,Flying,0,0,0,1.1861134063982572,1.462776482883557
xerneas,126,131,95,131,98,99,Fairy,0,5,0,3.3918268677224654,0.6685363262826745
yveltal,126,131,95,131,98,99,Dark,0,5,0,3.3918268677224654,0.6685363262826745
zygarde,108,100,121,81,95,95,Dragon,0,5,0,2.2086533119540213,-0.3812773384030195
zygarde10,54,100,71,61,85,115,Dragon,0,0,0,0.541888718691607,0.9983725243775851
diancie,50,100,150,100,150,50,Rock,0,4,0,2.4440625670603926,-2.0178530851736483
volcanion,80,110,120,130,90,70,Fire,0,5,0,2.294792387200573,-0.3304033644786948
rowlet,68,55,55,50,50,42,Grass,1,3,0,-1.566098665028192,-0.26428798824417193
dartrix,78,75,75,70,70,52,Grass,1,2,0,-0.16735436537595097,-0.3709358417589453
decidueye,78,107,75,100,100,70,Grass,0,5,0,1.3924678162080522,0.1457067421387154
litten,45,65,40,60,40,70,Fire,1,3,0,-1.6874738276711432,0.8894661346855727
torracat,65,85,50,80,50,90,Fire,1,0,0,-0.3316862553254386,1.2556739637481813
incineroar,95,115,90,80,90,60,Fire,0,2,0,1.397089594733461,-0.6003265407931531
popplio,50,54,54,66,56,40,Water,1,3,0,-1.5507729608719347,-0.10867462500460831
brionne,60,69,69,91,81,50,Water,1,4,0,-0.134255148541696,-0.08101425102282853
primarina,80,74,74,126,116,60,Water,0,4,0,1.4640525712547297,0.1958050765429046
grubbin,47,62,45,55,45,46,Bug,1,3,0,-1.868737627071897,0.13773318682027222
charjabug,57,82,95,55,75,36,Bug,1,2,0,-0.41361292681389616,-1.3148607707465356
vikavolt,77,70,90,145,75,43,Bug,0,4,0,0.9926727213385209,-0.03309569249211698
cutiefly,40,45,40,55,40,84,Bug,1,3,0,-1.9797217599815111,1.217982864371718
ribombee,60,55,60,95,70,124,Bug,0,0,0,0.17012310244110176,1.9935973729579834
rockruff,45,65,40,30,40,60,Rock,1,3,0,-2.2144128488683017,0.3082947245964392
lycanroc,75,115,65,55,65,112,Rock,0,0,0,0.5471868779103962,1.0236743812699627
lycanrocmidnight,85,115,75,55,75,82,Rock,0,2,0,0.6818569607938604,0.03721739341045367
lycanrocdusk,75,117,65,55,65,110,Rock,0,0,0,0.5559671411620292,0.9718245233169374
wishiwashi,45,20,20,25,25,40,Water,0,3,0,-3.6329338418984634,0.35410411725334734
mareanie,50,53,62,43,52,45,Poison,1,3,0,-1.8067054384789787,-0.3816686453146173
toxapex,50,63,152,53,142,35,Poison,0,4,0,0.9856524737171114,-2.8210388102522868
mudbray,70,100,70,45,55,45,Ground,1,2,0,-0.6577718439296025,-0.673879357540469
mudsdale,100,125,100,55,85,35,Ground,0,2,0,1.0522311130361601,-1.6746610379776756
dewpider,38,40,52,40,72,27,Water,1,3,0,-2.191852805896378,-0.7207758327497018
araquanid,68,70,92,50,132,42,Water,0,4,0,0.4580813232846445,-1.5169918730421719
fomantis,40,55,35,50,35,35,Grass,1,3,0,-2.5432116835932197,0.10327559136991553
lurantis,70,105,90,80,90,45,Grass,0,2,0,0.7366155623954953,-0.8857913755849208
morelull,40,35,55,65,75,15,Grass,1,3,0,-1.912875010099298,-0.7884935060219189
shiinotic,60,45,80,90,100,30,Grass,0,4,0,-0.24609720374076036,-0.8442014533644494
salandit,48,44,40,71,40,77,Poison,1,3,0,-1.7199317137096606,1.2218423426258986
salazzle,68,64,60,111,60,117,Poison,0,0,0,0.41058262560157777,2.0369852806358524
stufful,70,75,50,45,50,50,Normal,1,3,0,-1.3020421051584843,-0.08265422201758213
bewear,120,125,80,55,60,60,Normal,0,2,0,0.9347017387383161,-0.5795608132285051
bounsweet,42,30,38,30,38,32,Grass,1,3,0,-3.102290570379516,-0.22276335701298522
steenee,52,40,48,40,48,62,Grass,1,3,0,-2.078831468693979,0.30754184360482806
tsareena,72,120,98,50,98,72,Grass,0,2,0,1.058454005471376,-0.8295198604013385
comfey,51,52,90,82,110,100,Fairy,0,4,0,0.6018272929230996,0.47272049110402753
oranguru,90,60,80,90,110,60,Normal,0,4,0,0.873839380116108,-0.284838279652904
passimian,100,120,90,40,60,80,Fighting,0,2,0,0.6835359844809166,-0.42045603290610206
wimpod,25,35,40,20,30,80,Bug,1,3,0,-3.0447910821679867,0.8344395938160426
golisopod,75,125,140,60,90,40,Bug,0,2,0,1.393589248101841,-2.2549001421986343
sandygast,55,55,80,70,45,15,Ghost,1,3,0,-1.5097782155841482,-1.1037222835161318
palossand,85,75,110,100,75,35,Ghost,0,4,0,0.7136081386404721,-1.1523026017528504
pyukumuku,55,60,130,30,130,5,Water,0,4,0,-0.08616552717144692,-3.300327334113232
typenull,95,95,95,95,95,59,Normal,1,4,0,1.4565452484484451,-0.5358194657986136
silvally,95,95,95,95,95,95,Normal,0,5,0,1.817935584006667,0.3186158786362643
turtonator,60,78,135,91,85,36,Fire,0,4,0,0.7518974337177455,-1.734918082275113
togedemaru,65,98,63,40,73,96,Electric,0,0,0,-0.1125382435945183,0.5182685853799347
mimikyu,55,90,80,50,105,96,Ghost,0,0,0,0.5056960790154641,0.14425950961651773
drampa,78,60,85,135,91,36,Normal,0,4,0,0.8493598585350606,-0.29541250591341434
dhelmise,70,131,100,86,90,40,Ghost,0,2,0,1.2728483471646295,-1.1861887244135123
jangmoo,45,55,65,45,45,45,Dragon,1,3,0,-1.8992748205294647,-0.3684556802623524
hakamoo,55,75,90,65,70,65,Dragon,1,2,0,-0.2553514096862664,-0.3652453989225273
kommoo,75,110,125,100,105,85,Dragon,0,5,0,2.2541083863131357,-0.49740773011769135
tapukoko,70,115,85,95,75,130,Electric,0,0,0,1.639051277587298,1.470552985115931
tapulele,70,85,75,130,115,95,Psychic,0,5,0,1.880986358460786,1.0545005330407555
tapubulu,70,130,115,85,95,75,Grass,0,2,0,1.8663135599199259,-0.6857785043854437
tapufini,70,75,115,95,130,85,Water,0,4,0,1.8879658262634886,-0.42836315945093684
cosmog,43,29,31,29,31,37,Psychic,1,3,0,-3.268830428911724,0.063171163281706
cosmoem,43,29,131,29,131,37,Psychic,1,4,0,-0.3729722915271511,-2.486529164264536
solgaleo,137,137,107,113,89,97,Psychic,0,5,0,3.3671627041364953,0.20327235945591013
lunala,137,113,89,137,107,97,Psychic,0,5,0,3.4298854008044364,0.7686913133348755
nihilego,109,53,47,127,131,103,Rock,0,5,0,1.9363463283786135,1.6478116086537258
buzzwole,107,139,139,53,53,79,Bug,0,2,0,1.7375626672543691,-1.2557595966630104
pheromosa,71,137,37,137,37,151,Bug,0,0,-1,1.5526992215219875,3.5626154994543575
xurkitree,83,89,71,173,71,83,Electric,0,5,0,1.849439538844248,1.5761783336087622
celesteela,97,101,103,107,101,61,Steel,0,5,0,1.9620097470854492,-0.5595438280234208
kartana,59,181,131,59,31,109,Grass,0,2,-1,1.5673396837427298,-0.18358984492803998
guzzlord,223,101,53,97,53,43,Dark,0,1,-1,2.0665851616489133,-0.08397218743352204
necrozma,97,107,101,127,89,79,Psychic,0,5,0,2.292110765357157,0.19617757482006604
necrozmaduskmane,97,157,127,113,109,77,Psychic,0,5,0,3.4491654356889723,-0.7473362799469784
necrozmadawnwings,97,113,109,157,127,77,Psychic,0,5,0,3.507681635780747,0.0911137902365667
magearna,80,95,115,130,115,65,Steel,0,5,0,2.3742292283744435,-0.47303441978822625
magearnaoriginal,80,95,115,130,115,65,Steel,0,5,0,2.3742292283744435,-0.47303441978822625
marshadow,90,125,80,90,90,125,Fighting,0,5,0,2.136982504594113,1.2383714388024212
poipole,67,73,67,73,67,73,Poison,1,0,0,-0.25347235819510006,0.360910823195748
naganadel,73,73,73,127,73,121,Poison,0,0,0,1.2576737104341595,1.9543922945536536
stakataka,61,131,211,53,101,13,Rock,0,2,-1,1.9792009986180137,-4.403536250221668
blacephalon,53,127,53,151,79,107,Fire,0,0,0,1.7912774109155059,2.1680065334749976
zeraora,88,112,75,102,80,143,Electric,0,0,0,2.0448745172326337,1.993692195293524
meltan,46,65,65,55,35,34,Steel,0,3,0,-1.872221607891911,-0.4773410477156068
melmetal,135,143,143,80,65,34,Steel,0,2,0,2.3836461215833706,-2.2287374710613945
grookey,50,65,50,40,40,65,Grass,1,3,0,-1.8229462633133418,0.33831150432917195
thwackey,70,85,70,55,60,80,Grass,1,0,0,-0.29885811553594943,0.2735730152116637
rillaboom,100,125,90,60,70,85,Grass,0,2,0,1.2538594352066155,-0.14495325527550978
scorbunny,50,71,40,40,40,69,Fire,1,3,0,-1.822187039283904,0.6136405464997272
raboot,65,86,60,55,60,94,Fire,1,0,0,-0.3429778885298258,0.8069270285853137
cinderace,80,116,75,65,75,119,Fire,0,0,0,1.1367775000789586,1.037534609438852
sobble,50,40,40,70,40,70,Water,1,3,0,-1.8328869157739704,1.0491121499331095
drizzile,65,60,55,95,55,90,Water,1,0,0,-0.3343357414682282,1.3548684231325194
inteleon,70,85,65,125,65,120,Water,0,0,0,1.1168017446156733,2.0912620058932343
skwovet,70,55,55,35,35,25,Normal,1,3,0,-2.166210109927709,-0.7514251231135062
greedent,120,95,95,55,75,20,Normal,0,1,0,0.5346730803194087,-1.8456700516884368
rookidee,38,47,35,33,35,57,Flying,1,3,0,-2.7087538898674475,0.45201092183609554
corvisquire,68,67,55,43,55,77,Flying,1,3,0,-1.0593218939649043,0.4291817971158524
corviknight,98,87,105,53,85,67,Flying,0,2,0,0.8304728428052901,-0.9477177436501873
blipbug,25,20,20,25,45,45,Bug,1,3,0,-3.547990416575448,0.38882155977380106
dottler,50,35,80,50,90,30,Bug,1,3,0,-1.2689827392893533,-1.199840923941474
orbeetle,60,45,110,80,120,90,Bug,0,4,0,0.9191751474219031,-0.2382274958990291
nickit,40,28,28,47,52,50,Dark,1,3,0,-2.6348907291217594,0.5150901262034089
thievul,70,58,58,87,92,90,Dark,0,0,0,0.2393578703092887,0.9724648235594662
gossifleur,40,40,60,40,60,10,Grass,1,3,0,-2.428828213213048,-1.209257580415672
eldegoss,60,50,90,80,120,60,Grass,0,4,0,0.43822475465228605,-0.5741390892659278
wooloo,42,40,55,40,45,48,Normal,1,3,0,-2.3265230109289385,-0.12232552168202672
dubwool,72,80,100,60,90,88,Normal,0,2,0,0.6784052414148015,-0.23709628327236612
chewtle,50,64,50,38,38,44,Water,1,3,0,-2.1093465076435765,-0.16855346973695282
drednaw,90,115,90,48,68,74,Water,0,2,0,0.6495594722742033,-0.4899114716397512
yamper,59,45,50,40,50,26,Electric,1,3,0,-2.2077908637374284,-0.6224608276339896
boltund,69,90,60,90,60,121,Electric,0,0,0,0.5419219772362097,1.8323410496012849
rolycoly,30,40,50,40,50,30,Rock,1,3,0,-2.66388450041824,-0.46014374378807393
carkol,80,60,90,60,70,50,Rock,1,2,0,-0.3278469279091241,-0.7943493813029895
coalossal,110,80,120,80,90,30,Rock,0,1,0,1.1881922930455056,-1.845477156129521
applin,40,40,80,40,40,20,Grass,1,3,0,-2.403742556179476,-1.2361162228653946
flapple,70,110,80,95,60,70,Grass,0,2,0,0.6561793408064851,0.2463667313252911
appletun,110,85,80,100,80,30,Grass,0,1,0,0.8772154740390469,-0.7916349590101949
silicobra,52,57,75,35,50,46,Ground,1,3,0,-1.6924161589031654,-0.7015850122274582
sandaconda,72,107,125,65,70,71,Ground,0,2,0,0.9561004735149183,-1.003391030677252
cramorant,70,85,55,85,95,85,Flying,0,0,0,0.5615993013489979,0.811355059032259
arrokuda,41,63,40,40,30,66,Water,1,3,0,-2.2629695546347777,0.6389088311818679
barraskewda,61,123,60,60,50,136,Water,0,0,0,0.46148493537759877,1.8492378295165426
toxel,40,38,35,54,35,40,Electric,1,3,0,-2.6814336575014504,0.3050313703399671
toxtricity,75,98,70,114,70,75,Electric,0,0,0,0.9141492503250906,0.7314557165935862
toxtricitylowkey,75,98,70,114,70,75,Electric,0,0,0,0.9141492503250906,0.7314557165935862
sizzlipede,50,65,45,50,50,45,Fire,1,3,0,-1.7809002409973154,0.013567785926381455
centiskorch,100,115,65,90,90,65,Fire,0,5,0,1.3476689851232575,0.10706436573160096
clobbopus,50,68,60,50,50,32,Fighting,1,3,0,-1.67916439537081,-0.5918533494316475
grapploct,80,118,90,70,80,42,Fighting,0,2,0,0.7345140439799523,-1.0581046541189976
sinistea,40,45,45,74,54,50,Ghost,1,3,0,-1.7588355911295783,0.44599791992093774
polteageist,60,65,65,134,114,70,Ghost,0,4,0,1.1097470588868945,0.7699351228776038
hatenna,42,30,45,56,53,39,Psychic,1,3,0,-2.328736614825666,0.013734662565185511
hattrem,57,40,65,86,73,49,Psychic,1,3,0,-0.858974122406412,0.03387361649812548
hatterene,57,90,95,136,103,29,Psychic,0,4,0,1.2413698745240198,-0.7422063788002744
impidimp,45,45,30,55,40,50,Dark,1,3,0,-2.3738811836674807,0.594822864276366
morgrem,65,60,45,75,55,70,Dark,1,3,0,-0.9454444647424944,0.8444987462282699
grimmsnarl,95,120,65,95,75,60,Dark,0,2,0,1.1221632728062474,0.13662503329850725
obstagoon,93,90,101,60,81,95,Dark,0,2,0,1.0654136951338857,-0.09778540422102416
perrserker,70,110,100,50,60,50,Steel,0,2,0,0.06751324694426215,-1.131132889019805
cursola,60,95,50,145,130,30,Ghost,0,4,-1,1.3703047176958965,0.07292235239683104
sirfetchd,62,135,95,68,82,65,Fighting,0,2,0,1.0147245504108868,-0.6464088691696501
mrrime,80,85,75,110,100,70,Ice,0,4,0,1.2464681196461351,0.30461816624903326
runerigus,58,95,145,50,105,30,Ground,0,2,0,0.7779542607217927,-2.696976129388628
milcery,45,40,40,50,61,34,Fairy,1,3,0,-2.208169345219246,-0.1538258757448388
alcremie,65,60,75,110,121,64,Fairy,0,4,0,0.9497511641897394,0.11715128124715737
falinks,65,100,100,70,60,75,Fighting,0,2,0,0.38543834069721383,-0.2769212824640881
pincurchin,48,101,95,91,85,15,Electric,0,4,0,0.1935851632548829,-1.486231957606656
snom,30,25,35,45,30,20,Ice,1,3,0,-3.425797591917223,-0.19415064430023565
frosmoth,70,65,60,125,90,65,Ice,0,4,0,0.6221638038909556,0.7728682636907579
stonjourner,100,125,135,20,20,70,Rock,0,2,-1,0.2833077863127964,-1.5231424124048951
eiscue,75,80,110,65,90,50,Ice,0,2,0,0.537870435818386,-1.2810682633645551
indeedee,60,65,55,105,95,95,Psychic,0,0,0,0.5115361269843677,1.3411868279779025
indeedeef,70,55,65,95,105,85,Psychic,0,4,0,0.5605068256395853,0.7367128614963557
morpeko,58,95,58,70,58,97,Electric,0,0,0,-0.1300140304985141,1.0949428362409364
cufant,72,80,49,40,49,40,Steel,1,3,0,-1.4010866902879784,-0.3666496493320058
copperajah,122,130,69,80,69,30,Steel,0,1,0,1.0990878354848739,-0.8623133873087104
dracozolt,90,100,90,80,70,75,Electric,0,2,0,0.9308800919085819,-0.07885471952707974
arctozolt,90,100,90,90,80,55,Electric,0,2,0,1.0359099992482033,-0.5003661703287304
dracovish,90,90,100,70,80,75,Water,0,2,0,0.9339941127753358,-0.42652803336756284
arctovish,90,90,100,80,90,55,Water,0,2,0,1.039024020114957,-0.8480394841692134
duraludon,70,95,115,120,50,85,Steel,0,0,-1,1.223057198622658,0.3058246561855484
dreepy,28,60,30,40,30,82,Dragon,1,3,0,-2.4617214006844192,1.244059931342509
drakloak,68,80,50,60,50,102,Dragon,1,0,0,-0.5238622503798739,1.316382724832187
dragapult,88,120,75,100,75,142,Dragon,0,0,0,2.0400200369603794,1.9602283693983977
zacian,92,130,115,80,115,138,Fairy,0,5,-1,3.076624939025867,0.5865029995521113
zaciancrowned,92,170,115,80,115,148,Fairy,0,5,-1,3.7541612256671693,0.7362215966511598
zamazenta,92,130,115,80,115,138,Fighting,0,5,-1,3.076624939025867,0.5865029995521113
zamazentacrowned,92,130,145,80,145,128,Fighting,0,5,-1,3.844996175919511,-0.41575024994367193
eternatus,140,85,95,145,95,130,Poison,0,5,-1,3.394014109507736,1.6567113882353497
kubfu,60,90,60,53,50,72,Fighting,1,3,0,-0.7712888690103965,0.32425107519948976
urshifu,100,130,100,63,60,97,Fighting,0,2,0,1.451471648726101,0.031187385981080906
urshifurapidstrike,100,130,100,63,60,97,Fighting,0,2,0,1.451471648726101,0.031187385981080906
zarude,105,120,105,70,95,105,Dark,0,5,0,2.1957905612059845,0.0016771682805767935
regieleki,80,100,50,100,50,200,Electric,0,0,-1,1.492726140832321,4.033622006623793
regidrago,200,100,50,100,50,80,Dragon,0,1,-1,2.0430062742938837,0.95201417493103
glastrier,100,145,130,65,110,30,Ice,0,2,0,2.21974574369663,-2.4567282853264087
spectrier,100,65,60,145,80,130,Ghost,0,0,0,1.8341532792051178,2.5478796496657696
calyrex,100,80,80,80,80,80,Psychic,0,0,0,0.8763913086639297,0.19627252858697014
calyrexice,100,165,150,85,130,50,Psychic,0,5,-1,3.572633365560408,-2.3065754862001184
calyrexshadow,100,85,80,165,100,150,Psychic,0,5,-1,3.187040901068895,2.69803244879206
pumpkaboosmall,44,66,70,44,55,56,Ghost,1,3,0,-1.4323745098630183,-0.29919245847054404
pumpkaboolarge,54,66,70,44,55,46,Ghost,1,3,0,-1.3865178320745548,-0.5559931111116077
gourgeistsmall,55,85,122,58,75,99,Ghost,0,2,0,0.6156261009798762,-0.3104421883317563
gourgeistlarge,75,95,122,58,75,69,Ghost,0,2,0,0.7512407728149684,-1.0832927833790094
gourgeistsuper,85,100,122,58,75,54,Ghost,0,2,0,0.8190481087325145,-1.469718080902636
zygardecomplete,216,100,121,91,95,85,Dragon,0,1,-1,3.8298745067141753,-0.7141520852347082
